Company,URL
Toyota,https://www.toyota.com/
,
Volkswagen,https://www.vw.com/
,
Ford,https://www.ford.com/
,
Chevrolet,https://www.chevrolet.com/
,
Honda,https://www.honda.com/
,
BMW,https://www.bmw.com/
,
Mercedes-Benz,https://www.mercedes-benz.com/
,
Audi,https://www.audi.com/
,
Nissan,https://www.nissanusa.com/
,
Hyundai,https://www.hyundai.com/
,
Kia,https://www.kia.com/
,
Subaru,https://www.subaru.com/
,
Volvo,https://www.volvocars.com/
,
GMC,https://www.gmc.com/
,
Jeep,https://www.jeep.com/
,
Land Rover,https://www.landrover.com/
,
Lexus,https://www.lexus.com/
,
Porsche,https://www.porsche.com/
,
Maserati,https://www.maserati.com/
,
Ferrari,https://www.ferrari.com/
,
Lamborghini,https://www.lamborghini.com/
,
Aston Martin,https://www.astonmartin.com/
,
Bugatti,https://www.bugatti.com/
,
Rolls-Royce,https://www.rolls-roycemotorcars.com/
,
Bentley,https://www.bentleymotors.com/
,
McLaren,https://www.mclaren.com/
,
Alfa Romeo,https://www.alfaromeo.com/
,
Jaguar,https://www.jaguar.com/
,
Tesla,https://www.tesla.com/
,
Chevrolet,https://www.chevrolet.com/
,
Ford,https://www.ford.com/
,
GMC,https://www.gmc.com/
,
Ram Trucks,https://www.ramtrucks.com/
,
Dodge,https://www.dodge.com/
,
Jeep,https://www.jeep.com/
,
Chrysler,https://www.chrysler.com/
,
Buick,https://www.buick.com/
,
Cadillac,https://www.cadillac.com/
,
Chevrolet,https://www.chevrolet.com/
,
GMC,https://www.gmc.com/
,
Lincoln,https://www.lincoln.com/
,
Acura,https://www.acura.com/
,
Honda,https://www.honda.com/
,
Hyundai,https://www.hyundai.com/
,
Genesis,https://www.genesis.com/
,
Infiniti,https://www.infinitiusa.com/
,
Kia,https://www.kia.com/
,
Lexus,https://www.lexus.com/
,
Mazda,https://www.mazdausa.com/
,
Mitsubishi,https://www.mitsubishicars.com/
,
Nissan,https://www.nissanusa.com/
,
Subaru,https://www.subaru.com/
,
Toyota,https://www.toyota.com/
,
Volkswagen,https://www.vw.com/
,
Audi,https://www.audi.com/
,
BMW,https://www.bmw.com/
,
Mercedes-Benz,https://www.mercedes-benz.com/
,
Mini,https://www.miniusa.com/
,
Porsche,https://www.porsche.com/
,
Tesla,https://www.tesla.com/
,
Volvo,https://www.volvocars.com/
,
Aston Martin,https://www.astonmartin.com/
,
Bugatti,https://www.bugatti.com/
,
Ferrari,https://www.ferrari.com/
,
Lamborghini,https://www.lamborghini.com/
,
Maserati,https://www.maserati.com/
,
Rolls-Royce,https://www.rolls-roycemotorcars.com/
,
Alfa Romeo,https://www.alfaromeo.com/
,
Lotus,https://www.lotuscars.com/
,
McLaren,https://www.mclaren.com/
,
Bentley,https://www.bentleymotors.com/
,
Citroën,https://www.citroen.com/
,
Dacia,https://www.dacia.com/
,
Fiat,https://www.fiatusa.com/
,
Peugeot,https://www.peugeot.com/
,
Renault,https://www.renault.com/
,
SEAT,https://www.seat.com/
,
Škoda,https://www.skoda-auto.com/
,
Smart,https://www.smart.com/
,
Vauxhall,https://www.vauxhall.co.uk/
